id,username,email,oauth_uid,provider
1,a,a@gmail.com,1,github
2,b,b@gmail.com,2,github
3,c,c@gmail.com,3,github
4,d,d@gmail.com,4,github
5,e,e@gmail.com,5,github
6,f,f@gmail.com,6,github
7,g,g@gmail.com,7,github
8,h,h@gmail.com,8,github
9,i,i@gmail.com,9,github
10,j,j@gmail.com,10,github
11,k,k@gmail.com,11,github
12,l,l@gmail.com,12,github
13,m,m@gmail.com,13,github
14,n,n@gmail.com,14,github
15,o,o@gmail.com,15,github
16,p,p@gmail.com,16,github
17,q,q@gmail.com,17,github
18,r,r@gmail.com,18,github
19,s,s@gmail.com,19,github
20,t,t@gmail.com,20,github
21,u,u@gmail.com,21,github
22,v,v@gmail.com,22,github
23,w,w@gmail.com,23,github
24,x,x@gmail.com,24,github
25,y,y@gmail.com,25,github
26,z,z@gmail.com,26,github
